testFile_0.txt,ice,kidnap,cash,first
testFile_1.txt,referral,institution,choose,information,plot
testFile_2.txt,inspector,mixture,pack
testFile_3.txt,sex,bulletin
testFile_4.txt,penny,adopt
testFile_5.txt,weapon,earthwax
testFile_6.txt,fate,offer,test,tread,theorist
testFile_7.txt,earthquake,clarify
testFile_8.txt,concentrate,elite
testFile_9.txt,announcement,woman,aid,nonsense
testFile_10.txt,resign,theorist,packet,river
testFile_11.txt,attention,dismiss
testFile_12.txt,hardware,gate,innovation
testFile_13.txt,enthusiasm,swallow,concede
testFile_14.txt,plug,nerve,immune,rotten
testFile_15.txt,basket,forget,age,frown
testFile_16.txt,place,cry,burn,reputation,shine
testFile_17.txt,neighborhood,infinite,gradual,mature
testFile_18.txt,poison,prize
testFile_19.txt,system,late,convict
testFile_20.txt,screen,cross,initiative,employee,coup
testFile_21.txt,pill,design,door
testFile_22.txt,architect,cultural,fade,line,entitlement
testFile_23.txt,declaration,expression,staff,matter
testFile_24.txt,conference,mess
testFile_25.txt,smart,great,bring
testFile_26.txt,candidate,weave
testFile_27.txt,star,home,dish,proclaim
testFile_28.txt,delicate,height,packet,mouse
testFile_29.txt,camera,generate,hate,chauvinist
testFile_30.txt,relieve,ticket,latest,revise,boot
testFile_31.txt,branch,particle,inspector,vacuum,budge
testFile_32.txt,shame,writer
testFile_33.txt,real,intelligence,wealth,bulletin,urge
testFile_34.txt,raid,riot
testFile_35.txt,bulletin,sketch,sock
testFile_36.txt,coast,bow,exploit
testFile_37.txt,help,set
testFile_38.txt,approval,enter,praise,insist,set
testFile_39.txt,wound,seem,compromise,gate,consumption
testFile_40.txt,ecstasy,hell,aquarium
testFile_41.txt,toll,gas
testFile_42.txt,responsible,gas pedal,outer
testFile_43.txt,excavation,velvet,relation
testFile_44.txt,stable,jaw,psychology,radio,pack
testFile_45.txt,corn,seize,threaten,screen
testFile_46.txt,divide,village,spider
testFile_47.txt,grain,remedy,astonishing,delicate,chorus
testFile_48.txt,plead,coast,laser,endorse,herb
testFile_49.txt,miracle,expose,society,disaster
testFile_50.txt,earthwax,aunt
testFile_51.txt,source,artist
testFile_52.txt,devote,computer,chew,impact
testFile_53.txt,village,adopt
testFile_54.txt,square,watch
testFile_55.txt,stain,dark,attack,foot
testFile_56.txt,national,mature,penetrate,middle,pony
testFile_57.txt,gossip,password
testFile_58.txt,ghostwriter,peanut,lung,indoor
testFile_59.txt,walk,dialect,registration,bubble,tropical
testFile_60.txt,fur,expansion,initiative,computer,camera
testFile_61.txt,pressure,grain,creation,fascinate
testFile_62.txt,norm,tropical,abnormal,artist,introduction
testFile_63.txt,revise,dull
testFile_64.txt,bitch,ward,resident
testFile_65.txt,national,cucumber,seize,office
testFile_66.txt,test,mother
testFile_67.txt,emotion,bench
testFile_68.txt,rifle,emotion
testFile_69.txt,marketing,activate,will,assume
testFile_70.txt,root,whip,obese,woman,tongue
testFile_71.txt,solo,sigh,frog,headquarters,pin
testFile_72.txt,grain,summary,cheat,slump
testFile_73.txt,bishop,sculpture,sheet,repeat,emotion
testFile_74.txt,vacuum,production,sacred
testFile_75.txt,penny,back,asylum
testFile_76.txt,review,score,limited,great
testFile_77.txt,twilight,ideal,design,tray,asset
testFile_78.txt,responsible,orchestra
testFile_79.txt,opposition,design,age,ostracize,continental
testFile_80.txt,nerve,eliminate
testFile_81.txt,rehearsal,impress,strategic
testFile_82.txt,architect,jaw,crew,spider,square
testFile_83.txt,colleague,prove
testFile_84.txt,pedestrian,case,innovation,flu
testFile_85.txt,therapist,architect
testFile_86.txt,ridge,tragedy
testFile_87.txt,forbid,period,compact,bin,bland
testFile_88.txt,entry,ice,heaven,hate
testFile_89.txt,chimney,clear,march,rotation
testFile_90.txt,knock,protest,collapse
testFile_91.txt,extinct,equation,exercise,hurl
testFile_92.txt,voyage,review
testFile_93.txt,profession,demonstrator,earthquake,splurge,practical
testFile_94.txt,joint,feather,extract
testFile_95.txt,mayor,ranch,struggle,stamp
testFile_96.txt,clash,finished,dull,walk
testFile_97.txt,burn,transparent,bundle,riot,blackmail
testFile_98.txt,claim,orchestra,tendency,cunning,summary
testFile_99.txt,celebration,retain,dish,related,side
testFile_100.txt,colleague,unique,fade,royalty,ranch
testFile_101.txt,career,forget
testFile_102.txt,photograph,first,shed,gasp,routine
testFile_103.txt,release,power,reserve,reputation,sun
testFile_104.txt,plagiarize,compromise
testFile_105.txt,chimney,childish,summer,tease
testFile_106.txt,horizon,mass
testFile_107.txt,print,amuse,time,slant
testFile_108.txt,object,primary
testFile_109.txt,release,solo,shine,crackpot,singer
testFile_110.txt,dome,prisoner,weapon,outlet,registration
testFile_111.txt,provision,beneficiary,pin
testFile_112.txt,survivor,acute
testFile_113.txt,gasp,summer,stay,boot
testFile_114.txt,deny,era,share,perform
testFile_115.txt,sunrise,triangle,similar
testFile_116.txt,slide,transform,grateful,hunting,solo
testFile_117.txt,computer,prisoner,sister,cancel
testFile_118.txt,round,ranch,sunrise,producer,pigeon
testFile_119.txt,chorus,provision,presence,season,crack
testFile_120.txt,clear,bench,resident,cup
testFile_121.txt,sniff,inject,killer,whip,advertising
testFile_122.txt,remedy,option
testFile_123.txt,driver,elect,product,gown,steam
testFile_124.txt,dark,tie
testFile_125.txt,plug,extension,related
testFile_126.txt,election,restoration,distort
testFile_127.txt,retain,register,hospitality,drawing
testFile_128.txt,sigh,perform,generate,recognize,convict
testFile_129.txt,chimpanzee,timber,continuous,promotion,aloof
testFile_130.txt,urine,symbol,citizen,cemetery,help
testFile_131.txt,feature,walk,denial,dose
testFile_132.txt,joint,timber
testFile_133.txt,unique,astonishing,dash,rate
testFile_134.txt,place,Koran,coat,voice,application
testFile_135.txt,knock,citizen,morsel
testFile_136.txt,ghostwriter,abstract,pedestrian,aunt
testFile_137.txt,district,brave,absence
testFile_138.txt,policy,speculate,side,slam
testFile_139.txt,rotation,warrant,score,sample,nerve
testFile_140.txt,sister,cap,beer
testFile_141.txt,rotation,point,mayor,gain
testFile_142.txt,royalty,dressing,voyage
testFile_143.txt,photograph,carbon,grimace,easy,paper
testFile_144.txt,concentrate,location,theory
testFile_145.txt,moment,birthday,tropical
testFile_146.txt,rugby,psychology,accessible,tube
testFile_147.txt,writer,architect
testFile_148.txt,paragraph,complain
testFile_149.txt,conversation,sensitive
testFile_150.txt,reporter,monster
testFile_151.txt,factor,remedy,abuse
testFile_152.txt,exaggerate,equal,term,sun,censorship
testFile_153.txt,rule,deficiency,extract,exercise,weight
testFile_154.txt,loot,knock,daughter
testFile_155.txt,conference,cash,labour
testFile_156.txt,routine,harmful,introduction,hell
testFile_157.txt,transparent,player,soft,panel,bad
testFile_158.txt,uniform,show,attack,velvet
testFile_159.txt,offense,misery,hardware,pressure
testFile_160.txt,extension,chew,equation,prayer
testFile_161.txt,urine,formation,adopt
testFile_162.txt,accompany,compact,representative,weak
testFile_163.txt,grateful,pill,engagement
testFile_164.txt,assume,insight
testFile_165.txt,ecstasy,absence,virtue,beautiful,stimulation
testFile_166.txt,clique,sniff
testFile_167.txt,infection,flower
testFile_168.txt,hang,hardware
testFile_169.txt,impact,determine
testFile_170.txt,candidate,lend
testFile_171.txt,liability,treaty,practical
testFile_172.txt,cross,claim,tie
testFile_173.txt,perceive,mark,singer,prosper,conference
testFile_174.txt,wreck,river,infection,cart
testFile_175.txt,dose,shatter,sample
testFile_176.txt,eaux,age,fever,output
testFile_177.txt,flawed,discriminate,compromise,pill
testFile_178.txt,faint,literature,tasty,absent
testFile_179.txt,retain,estimate
testFile_180.txt,mother,rack,strict,relation
testFile_181.txt,colorful,parameter,customer,ballot,show
testFile_182.txt,shift,waterfall
testFile_183.txt,line,reserve,straw,royalty,fold
testFile_184.txt,morsel,heir,industry,asylum,watch
testFile_185.txt,enlarge,contain,just,star
testFile_186.txt,willpower,weak,abandon,oral,available
testFile_187.txt,surprise,revise
testFile_188.txt,solid,facade
testFile_189.txt,nonsense,worker,snap
testFile_190.txt,outer,impress
testFile_191.txt,budge,nature,self,repeat,lift
testFile_192.txt,earthwax,pension,expect,engagement,give
testFile_193.txt,anger,memorandum,gown,cart,wreck
testFile_194.txt,funny,series
testFile_195.txt,birthday,shame,extension
testFile_196.txt,revise,point,round,retreat
testFile_197.txt,nun,twilight,city,institution
testFile_198.txt,speculate,cultural
testFile_199.txt,steel,inject,ambiguous,endorse,psychology
testFile_200.txt,opposite,cucumber,white,abandon,love
testFile_201.txt,slide,relieve,ranch
testFile_202.txt,oven,virtue,trace,line
testFile_203.txt,prayer,organisation,small
testFile_204.txt,elegant,warrant,basin,bee
testFile_205.txt,craft,equal,teacher,discreet,tendency
testFile_206.txt,bad,routine
testFile_207.txt,promotion,silence,competition,revise
testFile_208.txt,expect,knowledge,sweet
testFile_209.txt,literature,substitute
testFile_210.txt,home,colorful,reputation
testFile_211.txt,column,recognize,insight,tax,enthusiasm
testFile_212.txt,live,comment
testFile_213.txt,text,tower
testFile_214.txt,threaten,willpower
testFile_215.txt,dimension,spokesperson
testFile_216.txt,suffering,mature
testFile_217.txt,decrease,bitch,mass
testFile_218.txt,spill,dismiss,nature
testFile_219.txt,presence,merit
testFile_220.txt,expose,dough,rock,tease
testFile_221.txt,thick,intention,proclaim
testFile_222.txt,orgy,voice
testFile_223.txt,convert,information,primary
testFile_224.txt,fraud,announcement,nut
testFile_225.txt,bend,arrow,flatware
testFile_226.txt,virtue,follow,mother,shift,huge
testFile_227.txt,cotton,continental,jaw,lawyer,cash
testFile_228.txt,consumption,door,elegant,mature
testFile_229.txt,funny,help,clock,grudge,plagiarize
testFile_230.txt,inspector,need
testFile_231.txt,citizen,authority,score
testFile_232.txt,cultural,praise
testFile_233.txt,suite,feather,flour,asset
testFile_234.txt,ministry,impress
testFile_235.txt,master,concede,population,branch
testFile_236.txt,dish,stable,unique
testFile_237.txt,enlarge,manager,conversation,extinct
testFile_238.txt,carpet,liberty
testFile_239.txt,welcome,reckless,few,enlarge
testFile_240.txt,elite,elapse,finished,fold,grudge
testFile_241.txt,bland,dive,majority,available,button
testFile_242.txt,nonsense,drive,camera,commitment
testFile_243.txt,absent,gasp,population,hang
testFile_244.txt,give,strategic,pudding
testFile_245.txt,elegant,primary,appeal
testFile_246.txt,brave,horizon,complain,stir
testFile_247.txt,species,bow,dive,sheet,jelly
testFile_248.txt,bin,priority,extension,button
testFile_249.txt,copper,laser,break in
testFile_250.txt,feather,relieve,cunning,spokesperson,penetrate
testFile_251.txt,guard,claim,overeat
testFile_252.txt,time,black,drive,pony,denial
testFile_253.txt,subway,immune,graze
testFile_254.txt,reliable,similar
testFile_255.txt,block,facade
testFile_256.txt,wealth,pack,wound,system,add
testFile_257.txt,willpower,leaf,nerve,convert,guard
testFile_258.txt,moment,branch,clock,mass
testFile_259.txt,sister,sock,frown
testFile_260.txt,fold,medium,combine
testFile_261.txt,tropical,protection,seasonal,shine
testFile_262.txt,secretary,hip,gate,block,share
testFile_263.txt,care,hurt
testFile_264.txt,strategic,packet,right,improvement,presentation
testFile_265.txt,fascinate,unity,continuous,resist,bite
testFile_266.txt,promotion,radio
testFile_267.txt,advertising,smart
testFile_268.txt,abnormal,serious,steam,guide,symbol
testFile_269.txt,sister,boot,pocket,straw
testFile_270.txt,shatter,pressure,cash,coat,bring
testFile_271.txt,straw,self,pony,acquisition
testFile_272.txt,transform,meaning,convert
testFile_273.txt,dependence,therapist,frown,bow,triangle
testFile_274.txt,earthwax,excavation
testFile_275.txt,memorandum,gas pedal,weapon,emotion,assault
testFile_276.txt,stain,feature
testFile_277.txt,case,ego
testFile_278.txt,carrot,cap
testFile_279.txt,tube,person
testFile_280.txt,hero,manager,pack,obese,tasty
testFile_281.txt,bulletin,indoor,convict
testFile_282.txt,position,disaster,proclaim,swallow
testFile_283.txt,accept,summer,text
testFile_284.txt,provision,rock,attention,gas pedal
testFile_285.txt,combination,colleague,paragraph
testFile_286.txt,offer,plot,elegant,real,bar
testFile_287.txt,shed,unaware,vegetable,curve,offender
testFile_288.txt,tragedy,password
testFile_289.txt,bring,fling,representative,elect,black
testFile_290.txt,disaster,unique,face,round
testFile_291.txt,vehicle,palace
testFile_292.txt,strategic,declaration,land,button,hunting
testFile_293.txt,end,representative,decrease,commitment
testFile_294.txt,tax,reasonable,ambiguous
testFile_295.txt,clearance,fascinate,contain,plot,text
testFile_296.txt,accessible,factor
testFile_297.txt,foot,protest,government,taxi,authority
testFile_298.txt,devote,abstract
testFile_299.txt,shine,excavation,resign,concede,nervous
testFile_300.txt,banish,slump,horn,audience
testFile_301.txt,highlight,entitlement,twilight,sock
testFile_302.txt,cave,dose,combine,straw
testFile_303.txt,fascinate,generate,species,fraction,assume
testFile_304.txt,test,clock,register,cross
testFile_305.txt,denial,drawing,distinct,immune
testFile_306.txt,dive,track,loss
testFile_307.txt,presidency,inspector,tax,know
testFile_308.txt,pony,grant,facade,user
testFile_309.txt,shine,order,citizen,inject,bulletin
testFile_310.txt,compose,accountant,cancel
testFile_311.txt,mayor,familiar
testFile_312.txt,exhibition,architect,customer
testFile_313.txt,cancel,add,mist,medium
testFile_314.txt,print,assault
testFile_315.txt,dialect,exercise,chimpanzee,singer,check
testFile_316.txt,pasture,exaggerate,sugar
testFile_317.txt,offender,policy,smart,sheet
testFile_318.txt,symbol,allowance
testFile_319.txt,weak,evaluate
testFile_320.txt,rehearsal,graze
testFile_321.txt,shed,appetite,monk,relation
testFile_322.txt,trust,initial,limited
testFile_323.txt,particle,triangle
testFile_324.txt,jaw,revise,marsh,cutting
testFile_325.txt,doctor,weight,extension,rehearsal,choose
testFile_326.txt,respectable,monk,ticket,rack
testFile_327.txt,position,resign,satisfied,read,pressure
testFile_328.txt,sour,bite
testFile_329.txt,revive,regret,curriculum,singer
testFile_330.txt,splurge,offender,tongue,infinite
testFile_331.txt,seller,swallow,finished,order
testFile_332.txt,angel,cash
testFile_333.txt,routine,option,session,customer,graze
testFile_334.txt,comfortable,TRUE
testFile_335.txt,silence,inch
testFile_336.txt,wild,harsh
testFile_337.txt,producer,dose,plug
testFile_338.txt,rebellion,year
testFile_339.txt,nut,clarify,transition,know,direct
testFile_340.txt,expansion,exploit,fling,rack
testFile_341.txt,guilt,deprivation,pocket
testFile_342.txt,late,bitter,marriage,care
testFile_343.txt,bin,elite,frown,penetrate,crack
testFile_344.txt,comment,ghostwriter,recognize
testFile_345.txt,truck,tube
testFile_346.txt,feature,applaud,memorandum,resist,serious
testFile_347.txt,style,graze,orchestra
testFile_348.txt,fascinate,double,perfect,devote,elegant
testFile_349.txt,ticket,mix,resignation,praise
testFile_350.txt,release,woman
testFile_351.txt,intelligence,fraud
testFile_352.txt,formation,volume,laser,manager,morsel
testFile_353.txt,nun,aloof,bay,industry,defendant
testFile_354.txt,royalty,line,height,temperature,copper
testFile_355.txt,city,number
testFile_356.txt,sun,gasp,adopt,read,penny
testFile_357.txt,slot,retain,taxi,grudge,compliance
testFile_358.txt,testify,blackmail,awful
testFile_359.txt,master,impact
testFile_360.txt,gain,thin
testFile_361.txt,pill,protection
testFile_362.txt,grain,crusade,offer
testFile_363.txt,stir,few
testFile_364.txt,marketing,loss,expansion,bite,unaware
testFile_365.txt,gradual,thoughtful,computer,finished
testFile_366.txt,kit,environment
testFile_367.txt,herb,utter
testFile_368.txt,bland,appetite
testFile_369.txt,offset,stop,aloof
testFile_370.txt,riot,facade
testFile_371.txt,dividend,loot,intelligence
testFile_372.txt,presence,faint,labour,warrant,huge
testFile_373.txt,river,great,tourist
testFile_374.txt,float,nature,forbid
testFile_375.txt,orgy,species,follow
testFile_376.txt,cave,abandon,cross
testFile_377.txt,laboratory,location,wild
testFile_378.txt,care,relate,exposure,pension
testFile_379.txt,stable,cave,color-blind,bus
testFile_380.txt,infrastructure,chimney,customer,strict
testFile_381.txt,tube,basket,resident,lift,bride
testFile_382.txt,comfortable,smile,report,morsel,fate
testFile_383.txt,marketing,funny,child
testFile_384.txt,soft,fold,patch,document,show
testFile_385.txt,mind,rider,truck
testFile_386.txt,talkative,computer,ridge,score,contribution
testFile_387.txt,advice,bubble,scatter,retreat,traction
testFile_388.txt,theory,extension,seem,wreck
testFile_389.txt,bean,clash,symbol,reckless
testFile_390.txt,telephone,warrant
testFile_391.txt,meal,easy,stamp
testFile_392.txt,access,fashion,whip,conversation
testFile_393.txt,indoor,exposure,candidate,head
testFile_394.txt,continuation,read
testFile_395.txt,work out,cellar,flawed,fold
testFile_396.txt,prize,guide,cooperate,meeting
testFile_397.txt,enthusiasm,conference,formulate,suffering
testFile_398.txt,knock,freighter,shift,slot
testFile_399.txt,equal,contain,formal,exhibition
testFile_400.txt,quiet,expose
testFile_401.txt,compliance,cancel
testFile_402.txt,decrease,side,sniff,frog
testFile_403.txt,anger,horseshoe,bland,plug
testFile_404.txt,foundation,transform,dish,jelly
testFile_405.txt,line,sculpture,tray
testFile_406.txt,spokesperson,presidency,regulation,restoration
testFile_407.txt,break in,distinct,mouse,tasty,abandon
testFile_408.txt,moment,eliminate,bite,trace
testFile_409.txt,meaning,lesson,protest
testFile_410.txt,delete,point,beer,unique,monster
testFile_411.txt,hunting,rib,birthday,finished,amuse
testFile_412.txt,surprise,oven
testFile_413.txt,plug,member,perform,extinct
testFile_414.txt,talkative,herb,grain,rotten
testFile_415.txt,child,ministry
testFile_416.txt,photograph,exposure,unique,studio
testFile_417.txt,point,established,career
testFile_418.txt,dimension,care,round,arrangement,pepper
testFile_419.txt,forbid,shine,labour,consumption,blow
testFile_420.txt,toll,difference,release,hallway
testFile_421.txt,impact,hate,novel,stop
testFile_422.txt,native,sacrifice,theorist,federation
testFile_423.txt,federation,output
testFile_424.txt,pepper,angel,distinct,share
testFile_425.txt,Koran,bitch
testFile_426.txt,plug,register
testFile_427.txt,fruit,exercise
testFile_428.txt,wonder,bend,convert,bow,first
testFile_429.txt,document,rotation,bring,source,gasp
testFile_430.txt,will,trait,expansion
testFile_431.txt,master,rebellion
testFile_432.txt,distinct,date,insist,bubble
testFile_433.txt,resident,arrangement,rush,sum,talkative
testFile_434.txt,chew,cap,cater
testFile_435.txt,teenager,root,twilight,chew
testFile_436.txt,leaf,great,ghostwriter,unique
testFile_437.txt,authority,work out,basket,access
testFile_438.txt,cooperate,tube,thick,initiative,reporter
testFile_439.txt,work out,finish
testFile_440.txt,finish,harsh,impress
testFile_441.txt,conference,restoration
testFile_442.txt,heir,ghostwriter,defendant
testFile_443.txt,threaten,ticket,profession
testFile_444.txt,addition,censorship,spring,revive,sleeve
testFile_445.txt,convict,contrast,grain,laser,ghostwriter
testFile_446.txt,rock,grant,dump
testFile_447.txt,shout,popular,retain,pin,herd
testFile_448.txt,plot,compliance
testFile_449.txt,perceive,election
testFile_450.txt,break in,liability,expose,stain
testFile_451.txt,chorus,physical,beginning,time,exercise
testFile_452.txt,trace,evaluate,undermine,ridge,sigh
testFile_453.txt,generate,vacuum,improvement,voyage
testFile_454.txt,slump,taxi,cross
testFile_455.txt,line,astonishing,castle,basin,rotten
testFile_456.txt,hot,vain,read,testify
testFile_457.txt,mouth,fade,candidate
testFile_458.txt,boot,mastermind,memorandum
testFile_459.txt,sheet,ghostwriter,memory,attention,sigh
testFile_460.txt,star,set,sample
testFile_461.txt,fashion,wild,popular
testFile_462.txt,quiet,woman,theorist,curve,plan
testFile_463.txt,mouth,mark,urge,lace
testFile_464.txt,hospitality,represent,session,velvet,star
testFile_465.txt,marketing,authority,swallow,mosquito,smile
testFile_466.txt,popular,steel
testFile_467.txt,purpose,jelly,star,source,finished
testFile_468.txt,citizen,rock
testFile_469.txt,inject,authority
testFile_470.txt,clearance,denial
testFile_471.txt,voice,quiet,boot,population
testFile_472.txt,double,land,mind,dressing,merit
testFile_473.txt,review,hallway,tray,continuous,care
testFile_474.txt,industry,product,president,producer,sister
testFile_475.txt,delicate,campaign,swallow,application,compact
testFile_476.txt,needle,cucumber,enlarge,denial,retreat
testFile_477.txt,deal,labour
testFile_478.txt,river,bland,approval,utter
testFile_479.txt,snap,comfort,strategic,player
testFile_480.txt,wound,work out,expression
testFile_481.txt,reproduce,round,inch
testFile_482.txt,curriculum,height,home
testFile_483.txt,protest,bow,guilt
testFile_484.txt,particle,extract
testFile_485.txt,infinite,door,creation,march,mass
testFile_486.txt,hell,piano,drug
testFile_487.txt,clinic,curtain,clothes
testFile_488.txt,garage,fate
testFile_489.txt,priority,institution,profession,serious,sun
testFile_490.txt,collapse,dependence,cancel,elite,foundation
testFile_491.txt,aunt,surprise
testFile_492.txt,mosquito,Bible,global
testFile_493.txt,profession,sweet
testFile_494.txt,source,seasonal,ward
testFile_495.txt,ego,end,bow,share
testFile_496.txt,round,gasp
testFile_497.txt,flawed,substitute,faint,reputation
testFile_498.txt,pocket,praise,torch,coffee,meaning
testFile_499.txt,sun,bracket
testFile_500.txt,sweater,pill,liability,statement,offer
testFile_501.txt,hot,cooperate,raid
testFile_502.txt,horseshoe,econobox,hell
testFile_503.txt,meaning,photograph,representative,carrot
testFile_504.txt,combine,dash
testFile_505.txt,abolish,self,rider,needle
testFile_506.txt,harmful,case
testFile_507.txt,document,sum,slant,federation
testFile_508.txt,tropical,passion,feature
testFile_509.txt,fist,head,perfect,strict,ice
testFile_510.txt,divide,prisoner,inject,distinct,colorful
testFile_511.txt,carpet,obligation,intelligence
testFile_512.txt,abridge,tendency,spring
testFile_513.txt,nonsense,attention,estimate,door
testFile_514.txt,age,leaf
testFile_515.txt,ecstasy,goat,speech,number,rib
testFile_516.txt,liability,print
testFile_517.txt,bay,reproduce,agriculture,speculate,anger
testFile_518.txt,smart,system,institution,multiply
testFile_519.txt,live,player,transform,crack,ego
testFile_520.txt,seize,nerve,middle,experienced
testFile_521.txt,curtain,print,reserve
testFile_522.txt,track,dividend
testFile_523.txt,rebellion,report,root
testFile_524.txt,knock,compliance,print,celebration,height
testFile_525.txt,torch,round,solid,reporter,nerve
testFile_526.txt,reasonable,rush
testFile_527.txt,boot,goat
testFile_528.txt,hot,bad,suspicion,traction
testFile_529.txt,voice,continuous
testFile_530.txt,awful,improvement,just,tax
testFile_531.txt,garage,generate
testFile_532.txt,impact,monster,abandon
testFile_533.txt,slant,government,abridge,point
testFile_534.txt,familiar,declaration,institution
testFile_535.txt,popular,blow
testFile_536.txt,rider,mother,architect,labour
testFile_537.txt,few,tail,toll
testFile_538.txt,depressed,trait,foundation,old age
testFile_539.txt,hero,series
testFile_540.txt,carrot,suspicion,Bible,password,layout
testFile_541.txt,skilled,slant
testFile_542.txt,trench,cooperate,ice
testFile_543.txt,scrap,director,fraction,threaten
testFile_544.txt,wreck,fraud,penny,rate,celebration
testFile_545.txt,global,purpose
testFile_546.txt,grant,slab
testFile_547.txt,control,will
testFile_548.txt,chew,tendency,exaggerate,doctor,secretion
testFile_549.txt,button,double,ancestor
testFile_550.txt,waterfall,plead
testFile_551.txt,impact,time
testFile_552.txt,child,elite
testFile_553.txt,tendency,taxi,destruction
testFile_554.txt,crime,secular,mixture,remedy,designer
testFile_555.txt,night,memorial,plan
testFile_556.txt,suffering,forget,root
testFile_557.txt,bus,theorist,dose
testFile_558.txt,system,cutting,medium
testFile_559.txt,horizon,tray,singer,inch
testFile_560.txt,rock,rugby,intention,seek
testFile_561.txt,cotton,bench,need
testFile_562.txt,snap,inflate
testFile_563.txt,strategic,overlook
testFile_564.txt,courage,retain,parallel,species
testFile_565.txt,protection,control,date,paper
testFile_566.txt,collapse,ghostwriter,cap,dollar,monk
testFile_567.txt,profession,reporter
testFile_568.txt,impact,miracle,paragraph
testFile_569.txt,attractive,authority,head,report
testFile_570.txt,teenager,heir
testFile_571.txt,reflection,freighter
testFile_572.txt,vain,tongue,shatter,tragedy
testFile_573.txt,dark,aunt,lesson,mass,accept
testFile_574.txt,complain,old age,sculpture,small,infinite
testFile_575.txt,spring,burn
testFile_576.txt,important,sausage,moment
testFile_577.txt,herd,revise
testFile_578.txt,bland,protection,sugar,knot,exercise
testFile_579.txt,anger,dome
testFile_580.txt,sheet,surprise,point,outer
testFile_581.txt,star,heaven,abridge,intelligence,determine
testFile_582.txt,plan,beautiful,door
testFile_583.txt,assume,knot,feather,species,imagine
testFile_584.txt,fish,definition,ego,equal,seem
testFile_585.txt,cemetery,outlet
testFile_586.txt,incentive,fitness,gold,limited
testFile_587.txt,conference,norm,fraction,bride
testFile_588.txt,faint,player,Koran,accept,damage
testFile_589.txt,rule,oven,rate,period,referral
testFile_590.txt,dash,home
testFile_591.txt,nut,architect,infrastructure,inject,work out
testFile_592.txt,check,pan,creed,laboratory
testFile_593.txt,available,first,copper,limited,burn
testFile_594.txt,studio,boot,frown
testFile_595.txt,date,grimace,pack,print,circulate
testFile_596.txt,complain,subject,application
testFile_597.txt,fate,unaware,button
testFile_598.txt,marsh,creation,carbon,singer,pony
testFile_599.txt,reliable,solid,federation
testFile_600.txt,oak,rugby,care,lung,sector
testFile_601.txt,merit,layout,sheet,herb
testFile_602.txt,pudding,vain,refrigerator,contain,stitch
testFile_603.txt,organisation,village,manager,dress,right
testFile_604.txt,virtue,respectable,awful,dimension,fish
testFile_605.txt,courage,architect,midnight,achieve,trace
testFile_606.txt,industry,creed,trade
testFile_607.txt,spare,lace,walk,biscuit
testFile_608.txt,dash,elegant,claim,snap
testFile_609.txt,seasonal,clock
testFile_610.txt,hurl,real,important,popular
testFile_611.txt,live,cultural,straw
testFile_612.txt,plug,smile,point,root,misery
testFile_613.txt,misery,fist,bitch
testFile_614.txt,trust,expect,burn,velvet
testFile_615.txt,basin,subway,stretch
testFile_616.txt,absence,cassette,sweater,harmful
testFile_617.txt,foot,career,absent,comfort
testFile_618.txt,clock,fish,hurl,bishop
testFile_619.txt,button,killer,peak,age
testFile_620.txt,oak,meal,waterfall,mind
testFile_621.txt,perfect,office
testFile_622.txt,abandon,aloof,suffering,singer
testFile_623.txt,check,miracle,cultivate
testFile_624.txt,cultivate,established,stop
testFile_625.txt,fur,flatware,misery
testFile_626.txt,sculpture,secular,voice
testFile_627.txt,master,depressed
testFile_628.txt,chimney,contrast,stir,sugar,adopt
testFile_629.txt,compact,ambiguous
testFile_630.txt,clash,responsible,cultural,kidnap
testFile_631.txt,citizen,fish,revive
testFile_632.txt,horizon,round,fluctuation,crime
testFile_633.txt,presence,rotation
testFile_634.txt,slot,toll
testFile_635.txt,cancel,threaten,sweet,slide
testFile_636.txt,highlight,rebellion
testFile_637.txt,theory,trick,well,forget
testFile_638.txt,witch,demonstrator,opposition,aunt,hurl
testFile_639.txt,speech,right
testFile_640.txt,wealth,stitch,dark,cutting
testFile_641.txt,quiet,liability,vehicle
testFile_642.txt,applaud,lung
testFile_643.txt,plug,delete,seek
testFile_644.txt,dump,memory
testFile_645.txt,control,hunting,attack,paragraph,splurge
testFile_646.txt,suffering,allowance,tail,memorial,teacher
testFile_647.txt,carbon,graze,protection
testFile_648.txt,carrot,riot
testFile_649.txt,strategic,first
testFile_650.txt,date,packet
testFile_651.txt,bring,lend,orchestra,contrast
testFile_652.txt,height,flour,battery,novel
testFile_653.txt,host,customer,expression,sugar,ready
testFile_654.txt,pill,asset,screen
testFile_655.txt,garage,wonder,horn,bean,review
testFile_656.txt,oak,depressed,approval,cup
testFile_657.txt,application,formal
testFile_658.txt,chauvinist,shame,style,penetrate,stamp
testFile_659.txt,elegant,forbid
testFile_660.txt,improvement,reckless,definition,feather
testFile_661.txt,copper,trainer,forget,grain
testFile_662.txt,marriage,kidnap
testFile_663.txt,nut,object
testFile_664.txt,lay,trench
testFile_665.txt,primary,magnetic,directory
testFile_666.txt,discreet,assume,aloof,register,sketch
testFile_667.txt,generate,cancel,contain,definition
testFile_668.txt,horseshoe,tropical,sniff,fascinate
testFile_669.txt,serious,stitch
testFile_670.txt,asylum,excavation
testFile_671.txt,hammer,graze,member,ignite
testFile_672.txt,eaux,dialect,rifle
testFile_673.txt,fish,bin,bloodshed,rib
testFile_674.txt,mature,straw
testFile_675.txt,cotton,drawing,wreck
testFile_676.txt,promotion,rehearsal,agriculture,deal
testFile_677.txt,registration,frown
testFile_678.txt,imagine,root,entitlement,advertising,mist
testFile_679.txt,truck,face,loot,outer
testFile_680.txt,ostracize,earthquake,abridge
testFile_681.txt,access,rush,ministry,trade
testFile_682.txt,district,test,crew,shed,bend
testFile_683.txt,frog,fever,marriage,urine,bond
testFile_684.txt,reasonable,palace,huge,slant
testFile_685.txt,torch,marsh,urine
testFile_686.txt,tract,quiet,flex,hell,exaggerate
testFile_687.txt,appeal,transform
testFile_688.txt,species,infrastructure
testFile_689.txt,satisfied,hallway,indoor
testFile_690.txt,sleeve,joint,angel,review
testFile_691.txt,directory,awful,banish,mosquito,city
testFile_692.txt,admire,tower
testFile_693.txt,tragedy,surprise
testFile_694.txt,home,multiply,cash,employee
testFile_695.txt,flawed,voice,right
testFile_696.txt,worker,paragraph,joint,dump
testFile_697.txt,central,childish,reproduce
testFile_698.txt,photograph,frog,emotion,engagement
testFile_699.txt,national,facade,wealth
testFile_700.txt,treaty,beneficiary,skilled,awful,rush
testFile_701.txt,horizon,worker,peasant,coast
testFile_702.txt,clock,captivate,cancel
testFile_703.txt,cup,office,compliance
testFile_704.txt,wild,insist,trait
testFile_705.txt,stay,bring
testFile_706.txt,conference,earthwax
testFile_707.txt,virtue,moral
testFile_708.txt,competition,era,exit,seize
testFile_709.txt,sensitive,palace
testFile_710.txt,sun,sugar,dump
testFile_711.txt,production,declaration,remedy
testFile_712.txt,surprise,dive,trace
testFile_713.txt,native,bishop,cave,dress,city
testFile_714.txt,spectrum,substitute,clothes,latest,dash
testFile_715.txt,forget,writer,fold,advice
testFile_716.txt,comment,genetic,daughter,horizon
testFile_717.txt,dash,face
testFile_718.txt,flatware,lesson
testFile_719.txt,end,set
testFile_720.txt,mixture,help,necklace,finished
testFile_721.txt,elite,wealth,reasonable,loss
testFile_722.txt,crackpot,activate,inspector
testFile_723.txt,taxi,generate,know,soldier,comment
testFile_724.txt,summer,sunrise,prayer
testFile_725.txt,hardware,affinity
testFile_726.txt,calculation,accompany,enlarge
testFile_727.txt,stitch,wonder,stain,bishop,know
testFile_728.txt,episode,elect
testFile_729.txt,thin,lay,ice cream,number,pony
testFile_730.txt,elapse,voyage,old age,elegant,sun
testFile_731.txt,budge,factor
testFile_732.txt,infinite,jaw,incentive
testFile_733.txt,episode,slam
testFile_734.txt,camera,expose,report,foreigner,just
testFile_735.txt,president,worker,shed
testFile_736.txt,scrap,senior,toll,craft,burn
testFile_737.txt,document,fist,meaning,feature
testFile_738.txt,whip,stop,central
testFile_739.txt,photograph,follow
testFile_740.txt,elegant,bundle,telephone,hate,neighborhood
testFile_741.txt,deny,lesson,inflate,report,competition
testFile_742.txt,addition,rifle,moment
testFile_743.txt,night,spring,appetite
testFile_744.txt,registration,hell,grudge,cutting,clinic
testFile_745.txt,skip,practical
testFile_746.txt,complain,ghostwriter,scatter,native
testFile_747.txt,riot,dividend
testFile_748.txt,rehearsal,deal,raid
testFile_749.txt,plagiarize,battery,provision,break in,whip
testFile_750.txt,deliver,dependence
testFile_751.txt,layout,arrangement
testFile_752.txt,thick,cater
testFile_753.txt,factor,side
testFile_754.txt,estimate,frown,combination
testFile_755.txt,spare,conversation,similar,federation,cucumber
testFile_756.txt,layout,pass,speech,adopt
testFile_757.txt,march,read,extension
testFile_758.txt,enlarge,peanut
testFile_759.txt,trainer,sister,captivate
testFile_760.txt,resignation,toll,mastermind,form
testFile_761.txt,peak,funny,ridge,follow,finish
testFile_762.txt,childish,real,city,incentive
testFile_763.txt,curve,bee,coffee
testFile_764.txt,bracket,responsible,offer,bring
testFile_765.txt,finished,devote
testFile_766.txt,anger,liability
testFile_767.txt,desire,literature,ticket
testFile_768.txt,sigh,combine,resignation,vacuum
testFile_769.txt,retain,finish,inject,abandon,warrant
testFile_770.txt,option,round,subject,dress,opposite
testFile_771.txt,similar,host
testFile_772.txt,ghost,track
testFile_773.txt,spill,comment
testFile_774.txt,register,ridge,obese,glue,pass
testFile_775.txt,stroke,unique
testFile_776.txt,splurge,cooperate
testFile_777.txt,sour,sum,trace,relate,hallway
testFile_778.txt,obligation,needle,protection,extension,asset
testFile_779.txt,beautiful,established,coffee,waterfall
testFile_780.txt,comfort,formal
testFile_781.txt,glue,bishop,species,absence,continuous
testFile_782.txt,crew,office,registration,smart
testFile_783.txt,host,claim,Koran,cassette,sculpture
testFile_784.txt,layout,height,reserve
testFile_785.txt,labour,defendant,evaluate
testFile_786.txt,computer,demonstrator,contact,solid,intention
testFile_787.txt,dump,priority
testFile_788.txt,employee,spread,cheat,ostracize
testFile_789.txt,rush,essential
testFile_790.txt,mayor,determine,player,carbon
testFile_791.txt,society,raid,sweet,joint,round
testFile_792.txt,dive,enter,manager,medium
testFile_793.txt,director,secretion
testFile_794.txt,nun,office,foreigner,vacuum,funny
testFile_795.txt,telephone,person
testFile_796.txt,session,necklace,information,urge,orchestra
testFile_797.txt,whip,rib
testFile_798.txt,shatter,declaration,ambiguous,ego,teacher
testFile_799.txt,frown,stool,know,weight
testFile_800.txt,available,throw
testFile_801.txt,experienced,remedy,mosquito
testFile_802.txt,recognize,flower,ministry,acute
testFile_803.txt,foot,district,poll
testFile_804.txt,sacrifice,ancestor,bee,bundle,mind
testFile_805.txt,passion,authority,skilled
testFile_806.txt,surprise,pigeon,secretary,endorse
testFile_807.txt,pasture,knock
testFile_808.txt,location,repeat,pack,series
testFile_809.txt,ballot,great,tube,read,entitlement
testFile_810.txt,member,angel,year,weak
testFile_811.txt,industry,imagine,headquarters,consensus
testFile_812.txt,nun,slant,night,peanut,loot
testFile_813.txt,sacrifice,advertising,magnetic,shout,office
testFile_814.txt,studio,cap,budge,witch
testFile_815.txt,uniform,drug
testFile_816.txt,attractive,impact,first
testFile_817.txt,clothes,coast,advertising
testFile_818.txt,march,vain,fade,offender
testFile_819.txt,proclaim,session
testFile_820.txt,censorship,bad
testFile_821.txt,stool,graze,elegant,prayer
testFile_822.txt,champion,assume,horn
testFile_823.txt,survivor,panel
testFile_824.txt,TRUE,abstract
testFile_825.txt,absent,live,flu
testFile_826.txt,test,courage,nut
testFile_827.txt,dome,divide
testFile_828.txt,assume,peace,dive
testFile_829.txt,eliminate,miracle,monster
testFile_830.txt,bus,finished,pigeon,point
testFile_831.txt,option,zero,drawing
testFile_832.txt,delete,blow
testFile_833.txt,throw,prove,coup
testFile_834.txt,foot,civilian,plagiarize,sit,magnetic
testFile_835.txt,abstract,hell,packet,satisfied,confrontation
testFile_836.txt,trust,knowledge
testFile_837.txt,clarify,grudge,studio,excavation
testFile_838.txt,carpet,aid
testFile_839.txt,reporter,dough
testFile_840.txt,exercise,guard,protest,nut
testFile_841.txt,tower,TRUE,report,determine
testFile_842.txt,trench,cancel,ranch
testFile_843.txt,abnormal,advice,coffee,cart
testFile_844.txt,determine,species,willpower
testFile_845.txt,rock,wild,well,child
testFile_846.txt,slab,repeat,referral,senior,continental
testFile_847.txt,Bible,staff
testFile_848.txt,bland,ego,fitness,provision,cultural
testFile_849.txt,tower,release,tendency
testFile_850.txt,secular,continuous,wound,stir
testFile_851.txt,cellar,affinity,president,tower,show
testFile_852.txt,nature,peanut
testFile_853.txt,abolish,fade,charge,weak
testFile_854.txt,production,series,slot,inflate,fruit
testFile_855.txt,think,clock,member,grudge
testFile_856.txt,transparent,disagreement,break in,TRUE,infrastructure
testFile_857.txt,black,tail,impress,fist
testFile_858.txt,spray,tube,share,retain
testFile_859.txt,evaluate,society,ice cream,burn,care
testFile_860.txt,offset,leg,text,appetite,calculation
testFile_861.txt,spread,production,reckless,acquisition
testFile_862.txt,architect,star,monk,sugar
testFile_863.txt,estimate,feather,comfort
testFile_864.txt,concede,obscure,entitlement,break in
testFile_865.txt,fruit,lawyer,essential,crew
testFile_866.txt,harmful,speech,evaluate,facade,spray
testFile_867.txt,highlight,work out
testFile_868.txt,definition,central
testFile_869.txt,liberty,sex
testFile_870.txt,vegetable,related,beginning
testFile_871.txt,grimace,computer,late,bloodshed,suite
testFile_872.txt,orgy,chimney,password,claim,inspector
testFile_873.txt,spare,knowledge
testFile_874.txt,shine,campaign
testFile_875.txt,miracle,series,bring,evaluate,continuous
testFile_876.txt,nervous,contribution
testFile_877.txt,distort,asset,comfort,infection,carpet
testFile_878.txt,audience,pedestrian
testFile_879.txt,strategic,truck,nonsense,mastermind,dress
testFile_880.txt,beneficiary,revive,prove,late,estimate
testFile_881.txt,courage,animal,tower,forbid,plagiarize
testFile_882.txt,perfect,place
testFile_883.txt,multiply,house
testFile_884.txt,stay,laser,mouse,sacrifice,late
testFile_885.txt,norm,clique,impress,trade,score
testFile_886.txt,solo,orchestra,rack,square
testFile_887.txt,flour,dismiss,end
testFile_888.txt,bitch,pin,user
testFile_889.txt,beautiful,dismiss
testFile_890.txt,dimension,orchestra
testFile_891.txt,right,mist,weapon,cutting,perform
testFile_892.txt,herb,priority,carpet
testFile_893.txt,stop,small
testFile_894.txt,hurl,concert,march,goat
testFile_895.txt,waterfall,branch
testFile_896.txt,line,show,gas
testFile_897.txt,wealth,allowance,fling,mark,fraction
testFile_898.txt,pack,burn
testFile_899.txt,tray,clothes
testFile_900.txt,threaten,old age,mix
testFile_901.txt,primary,affinity,agriculture
testFile_902.txt,gas,global,stop,extend
testFile_903.txt,expression,coast
testFile_904.txt,river,restoration,continuous,stain,stable
testFile_905.txt,bring,silence,tube,toll
testFile_906.txt,effective,generate,abolish
testFile_907.txt,parameter,demonstrator,gown
testFile_908.txt,dash,contrast,conference
testFile_909.txt,carpet,prayer,absent,will,routine
testFile_910.txt,float,taxi,coat
testFile_911.txt,sigh,routine
testFile_912.txt,shame,dough,torch,chimpanzee
testFile_913.txt,screen,fashion,dose,opposite,blow
testFile_914.txt,bend,smile,discriminate,distributor
testFile_915.txt,responsible,speech
testFile_916.txt,spray,welcome,delicate
testFile_917.txt,double,coast,obscure,tasty,outlet
testFile_918.txt,loss,novel,unique,craft,transform
testFile_919.txt,funny,confrontation,follow
testFile_920.txt,steam,midnight,emotion,arrangement,theory
testFile_921.txt,hot,bride,citizen,passion
testFile_922.txt,welcome,commitment
testFile_923.txt,available,shout,head
testFile_924.txt,beautiful,praise,sweater,spokesperson
testFile_925.txt,real,ministry,regret,disaster,ecstasy
testFile_926.txt,coffee,thick,outer,comfortable,asylum
testFile_927.txt,sour,survivor,tragedy
testFile_928.txt,shout,literature
testFile_929.txt,animal,secular,celebration,earthquake
testFile_930.txt,piano,column,zero
testFile_931.txt,proclaim,control,ministry,relate,initial
testFile_932.txt,designer,colleague,familiar,slant
testFile_933.txt,secretion,number,Bible
testFile_934.txt,district,commitment,achieve
testFile_935.txt,clearance,suspicion,accept,foundation,gasp
testFile_936.txt,unique,line,stroke,bond
testFile_937.txt,list,counter,revive,crusade
testFile_938.txt,few,cucumber
testFile_939.txt,stretch,summer,praise,chauvinist,test
testFile_940.txt,velvet,temperature,pass,user
testFile_941.txt,shame,gasp,knot,grant
testFile_942.txt,perform,user
testFile_943.txt,laboratory,absence,celebration,theorist,fluctuation
testFile_944.txt,bad,lesson,kidnap,gossip
testFile_945.txt,econobox,penny
testFile_946.txt,password,photograph,enlarge,initial
testFile_947.txt,shed,unity
testFile_948.txt,chorus,appeal,concert,inject,recognize
testFile_949.txt,formation,fraud,moment
testFile_950.txt,resident,cultural,tropical,nervous
testFile_951.txt,cry,mix,devote,bulletin,multiply
testFile_952.txt,pressure,heir,collapse,herd
testFile_953.txt,point,disaster
testFile_954.txt,district,expression,retreat,repeat,reporter
testFile_955.txt,blackmail,attractive,telephone,show
testFile_956.txt,offense,steel,urge,crack
testFile_957.txt,oven,location
testFile_958.txt,bring,tail
testFile_959.txt,killer,summer,middle,add
testFile_960.txt,ice,elite,perfect,orgy,exit
testFile_961.txt,city,weapon,blow
testFile_962.txt,obligation,dressing,crackpot,insight,discovery
testFile_963.txt,design,cultural,regret,opposition
testFile_964.txt,colorful,tendency,drawing,abolish
testFile_965.txt,love,forget,break in
testFile_966.txt,birthday,swallow,blackmail,hate
testFile_967.txt,substitute,land
testFile_968.txt,commitment,slump,test
testFile_969.txt,sketch,appeal,respectable,resign,intelligence
testFile_970.txt,adopt,sacrifice,tendency
testFile_971.txt,foundation,writer,hallway,huge
testFile_972.txt,devote,contact,form,novel
testFile_973.txt,midnight,dinner
testFile_974.txt,vacuum,transition,continental,shop
testFile_975.txt,definition,bean,coup
testFile_976.txt,rider,velvet,dash
testFile_977.txt,strategic,symbol,elect,deny,rule
testFile_978.txt,sock,literature,poll,shatter
testFile_979.txt,harmful,singer,represent,fling,law
testFile_980.txt,grudge,season,tray,intention
testFile_981.txt,solution,seize
testFile_982.txt,aid,shame,share,scene
testFile_983.txt,compact,solution,compose,sour,clarify
testFile_984.txt,labour,laboratory,ostracize,allowance,teacher
testFile_985.txt,take,unique,flu
testFile_986.txt,column,expansion,master,twilight
testFile_987.txt,unity,bride,activate,suspicion
testFile_988.txt,layout,slump,abolish,tease
testFile_989.txt,unaware,charge
testFile_990.txt,side,fate,convict
testFile_991.txt,form,neighborhood
testFile_992.txt,style,pocket
testFile_993.txt,engagement,help
testFile_994.txt,trench,leaf,member,hip
testFile_995.txt,blackmail,slide,teacher
testFile_996.txt,abandon,extension,bad,retreat,outlet
testFile_997.txt,sniff,color-blind,teenager,expect
testFile_998.txt,available,assault,cunning
testFile_999.txt,host,combine,door
